12740--10,14
12740--10A,6
12740--11,20
12740--12,21
12740--13,19
12740--14,16
12740--16,12
12740--17,32
12740--18,7
12740--19,23
12740--19-OF,1
12740--20,24
12740--21,29
12740--22,26
12740--23,26
12740--25,26
12740--26,21
12740--27,21
12740--27A,29
12740--27A<,5
12740--27B,34
12740--28,16
12740--29,24
12740--3,14
12740--30,39
12740--31,22
12740--35,12
12740--36,26
12740--37,25
12740--38,34
12740--39,65
12740--4,29
12740--40,18
12740--41,14
12740--45,14
12740--45-O<F<,2
12740--45-OF,7
12740--48,14
12740--49,10
12740--4-OF,4
12740--5,14
12740--50,10
12740--51,12
12740--52,12
12740--53,25
12740--53-OF,6
12740--54-55,10
12740--56,24
12740--57,9
12740--58,14
12740--59,6
12740--6,13
12740--60,10
12740--7,24
12740--8,17
12740--9,8
--14,8
--2,3
00157--1,3
00157--10,4
00157--11,4
00157--12,3
00157--13,2
00157--14,2
00157--15,3
00157--16,2
00157--17,2
00157--18,2
00157--19,3
00157--2,1
00157--20,3
00157--21,4
00157--22,1
00157--23,3
00157--24,4
00157--25,2
00157--26,2
00157--27,2
00157--29,1
00157--3,6
00157--31,3
00157--33-35,5
00157--37,2
00157--43,3
00157--45,4
00157--47,1
00157--5,3
00157--5A,4
00157--7,2
00157--8,2
00157--9,3
19831--1,35
19831--2,10
19831--21,10
19831--3,22
19831--3-OF,1
19831--4,34
19831--5,20
19831--5A,11
19831--5A<,1
19831--5A-OF,4
19831--5-OF,3
19831--6,32
19831--8,40
11932--100,30
11932--19,9
11932--20,3
11932--23,110
11932--28,188
11932--31,6
11932--31A,3
11932--32,10
11932--33,4
11932--34,6
11932--35,57
11932--37,125
11932--37A,78
11932--37B,69
11932--37C,99
11932--38,4
11932--40,117
11932--41,68
11932--42A,11
11932--43,4
11932--65,5
11932--65B,1
11932--65B<,2
11932--65C,1
11932--66,4
11932--66A,1
11932--66A<,2
11932--66B,2
11932--67,1
11932--67A,1
11932--67B,1
11932--68,1
11932--68A,3
11932--68B,1
11932--68C,2
11932--68D,2
11932--68E,3
11932--68G,7
11932--68H,1
11932--68I,4
11932--69,5
11932--70,6
11932--71,2
11932--74,94
11932--75,100
11932--76,429
11932--79,89
11932--80,277
11932--81,195
31139--15,4
31139--17,4
31139--19,5
31139--2,2
31139--23,2
31139--8,5
31139--9,5
21308--1,2
21308--3,5
21308--4,4
21308--5,5
21308--6,2
46046--1,6
46046--101,2
46046--103,1
46046--11,2
46046--15,6
46046--17,2
46046--19,1
46046--23,3
46046--25,7
46046--27,7
46046--29,6
46046--31,4
46046--33,4
46046--35,5
46046--39A,1
46046--41,1
46046--43,2
46046--45,5
46046--47,5
46046--5,8
46046--51,4
46046--53,4
46046--55,4
46046--57,2
46046--59,3
46046--61,4
46046--63,2
46046--65,3
46046--67,4
46046--69,3
46046--7,4
46046--73,1
46046--75,2
46046--77,5
46046--79,2
46046--7A,1
46046--81,5
46046--85,6
46046--87,2
46046--89,7
46046--9,4
46046--91,4
46046--93,4
46046--95,3
46046--97,2
46046--99,5
06289--1,70
06289--2,239
06289--3,93
06289--5,83
06289--7,142
38322--4,17
38322--5,24
38322--7,1
23275--1,7
23275--10,1
23275--11,2
23275--12,3
23275--13,2
23275--14,6
23275--16,5
23275--17,4
23275--19,1
23275--2,4
23275--3,4
23275--4,6
23275--5,4
23275--6,3
23275--7,4
23275--8,7
23275--9,3
32202--11,4
32202--13,3
32202--13A,4
32202--13B,2
32202--13B<,1
32202--13C,6
32202--3,4
32202--5,2
32202--5A,3
32202--7,1
32202--9,6
04971--1,1
04971--11,3
04971--13,2
04971--15,2
04971--3,3
04971--7,2
04971--9,4
00432--10,15
00432--11,7
00432--12,4
00432--13,18
00432--14,20
00432--17,10
00432--18,13
00432--19,34
00432--1A,17
00432--2,68
00432--20,7
00432--22,1
00432--24A,1
00432--26,1
00432--27,5
00432--28,4
00432--29,2
00432--30,15
00432--31,28
00432--31-OF,9
00432--32,8
00432--33,24
00432--34,26
00432--35,28
00432--36,11
00432--36-OF,5
00432--37,28
00432--38,7
00432--4,16
00432--5,21
00432--6,13
00432--7,23
00432--8,6
00432--9,18
06206--11,128
06206--12,108
06206--17,31
06206--17D,2
06206--17D<,4
06206--18A,34
06206--20,27
06206--20A,2
06206--20B,7
06206--20C,5
06206--21,6
06206--22,3
06206--23,4
06206--26,11
06206--27,10
06206--28,5
06206--29,16
06206--3,13
06206--30,4
06206--31,7
06206--32,10
06206--33,21
06206--3A,21
06206--4,19
06206--4A,27
06206--4A<,3
06206--5,1
06206--6,3
06206--7,4
06206--8,7
06206--9,4
00656--1,29
00656--10,2
00656--10A,5
00656--11,20
00656--12,14
00656--13,10
00656--15,17
00656--2,21
00656--29,1
00656--30,49
00656--30A,25
00656--31,3
00656--5,31
00656--6,27
00868--1,70
00868--17,5
00868--19,2
00868--2,97
00868--21,7
00868--3,72
00868--4,105
00868--5-23,7
00868--6,95
00868--8,96
00868--9,2
19385--2,78
19385--3,89
19385--4,67
19385--5,89
19385--6,62
19385--7,79
19385--7A,4
19385--8,62
19385--9,87
01601--1,104
01601--2,194
01601--2A,110
01601--3,101
01601--4,81
01601--5,119
01601--6,142
01681--10,2
01681--11,3
01681--11A<,2
01681--11B<,2
01681--12A,4
01681--12B,1
01681--14,12
01681--15,2
01681--15B,4
01681--16,22
01681--18,16
01681--19,34
01681--2,4
01681--20,28
01681--21,34
01681--3,12
01681--53A,27
01681--53B,22
01681--53C,21
01681--53D,28
01681--53E,30
01681--53F,42
01681--54,29
01681--55,13
01681--56,10
01681--57,11
01681--58,6
01681--61,11
01681--68-69,5
01681--68/69,31
01681--69A,3
01681--72,7
01681--72A,2
01681--73,11
01681--73A,1
01681--74,7
01681--75,10
01742--1,1
01742--11,3
01742--12,3
01742--13,9
01742--13A,3
01742--14,5
01742--15,1
01742--16,7
01742--17,6
01742--18,2
01742--19,2
01742--1A,1
01742--2,3
01742--20,2
01742--21,3
01742--22,4
01742--23,4
01742--24,5
01742--25,3
01742--26,1
01742--27,1
01742--28,2
01742--29,6
01742--3,4
01742--30,3
01742--31,6
01742--32,3
01742--34,3
01742--35,4
01742--36,4
01742--37,2
01742--38,5
01742--39,2
01742--4,3
01742--41,1
01742--41A,4
01742--42,2
01742--43,1
01742--44,2
01742--45,3
01742--46,5
01742--47,3
01742--47A,2
01742--47B,5
01742--48,7
01742--49,1
01742--49B,2
01742--5,2
01742--50,5
01742--50A,3
01742--50B,3
01742--51,4
01742--52,2
01742--53,5
01742--53A,4
01742--53B,3
01742--54,1
01742--55,5
01742--56,7
01742--57,6
01742--57A,6
01742--58,4
01742--59,3
01742--6,5
01742--60,3
01742--60A,3
01742--61,2
01742--62,10
01742--62A,5
01742--63A,5
01742--64,4
01742--65A,3
01742--66,6
01742--67,4
01742--68,2
01742--69,2
01742--7,4
01742--70,9
01742--71,6
01742--72,2
01742--73,1
01742--74,2
01742--75,2
01742--76,5
01742--77,3
01742--78,3
01742--78A,6
01742--79,3
01742--8,4
01742--80,3
01742--9,4
01749--10,13
01749--11,16
01749--12,20
01749--13,16
01749--14,24
11074--1,3
11074--11,3
11074--13,2
11074--15,5
11074--17,2
11074--19,3
11074--21,1
11074--23,3
11074--25,4
11074--27,1
11074--29,3
11074--3,4
11074--31,3
11074--33,3
11074--35,2
11074--37,7
11074--39,1
11074--41,3
11074--43,2
11074--45,3
11074--47,2
11074--49,3
11074--5,1
11074--51,2
11074--53,2
11074--55,1
11074--57,1
11074--59,1
11074--61,7
11074--63,5
11074--65,1
11074--67,5
11074--69,4
11074--7,3
11074--9,2
17577--10,27
17577--11,20
17577--12,24
17577--12A,4
17577--13,26
17577--14,18
17577--15,15
17577--3,32
17577--4,19
17577--5,27
17577--7,33
17577--8,35
17577--9,36
01874--1,4
01874--2-4-6,4
01874--5,2
01874--6,2
01874--9,4
01970--3,88
01970--4,271
01970--4A,101
01970--5,93
01970--6,109
02276--1,3
02276--10,5
02276--11,5
02276--12,4
02276--14,4
02276--18,2
02276--1B,2
02276--1C,5
02276--1E,2
02276--1I,3
02276--2,3
02276--20,3
02276--22,2
02276--24,4
02276--2A,2
02276--2B,1
02276--2C,3
02276--2D,2
02276--2E,1
02276--2F,2
02276--2G,3
02276--2H,1
02276--2K,2
02276--3,3
02276--4,3
02276--5,2
02276--6,2
02276--7,3
02276--8,4
02276--9,2
02387--10,3
02387--11,3
02387--12,6
02387--14,2
02387--15,2
02387--16,6
02387--16A,5
02387--17,3
02387--19,3
02387--1A,13
02387--1B,21
02387--2,6
02387--20,5
02387--20A,2
02387--21,4
02387--22,3
02387--23,4
02387--24,2
02387--24A,1
02387--26,3
02387--28,1
02387--29,4
02387--3,3
02387--30,3
02387--31,5
02387--32,2
02387--32A,4
02387--34,3
02387--36A,4
02387--38,6
02387--4,3
02387--40,2
02387--40A,3
02387--43,4
02387--44,5
02387--44A,4
02387--45,4
02387--46,6
02387--47,2
02387--48,4
02387--48A,2
02387--49,6
02387--50,2
02387--51,2
02387--52,2
02387--53,1
02387--54,4
02387--55,2
02387--56,6
02387--56A,4
02387--56A<,1
02387--57,1
02387--58,9
02387--59,2
02387--6,2
02387--60,2
02387--60A,3
02387--61,3
02387--62,8
02387--64,2
02387--66,3
02387--68,4
02387--70,1
02387--72,3
02387--72A,3
02387--74,7
02387--76,4
02387--76A,5
02387--8,3
02561--1,12
02561--10,1
02561--11,2
02561--2,7
02561--3,3
02561--3A,4
02561--4,7
02561--6,2
02561--7,4
02561--8,4
02561--9B,4
02657--1,5
02657--43,4
02790--1,2
02790--13,2
02790--14,1
02790--15,2
02790--2,8
02790--3,3
02790--3A,2
--4,4
--5,12
--6,2
02974--10,1
02974--11,6
02974--12,6
02974--12-15,1
02974--13,4
02974--14,1
02974--16-17,2
02974--17,1
02974--18,3
02974--19,7
02974--20,3
02974--21,6
02974--22,5
02974--5,10
02974--6,3
02974--7,4
02974--8,3
02974--9,2
03018--1,4
03018--11,11
03018--13,4
03018--13A,4
03018--13A<,1
03018--13B,3
03018--15,8
03018--15A,1
03018--15B,4
03018--17,4
03018--2,3
03018--3,3
03018--5,9
03018--9,10
03098--10,5
03098--11,1
03098--12,1
03098--13,2
03098--14,6
03098--15,5
03098--16,3
03098--17,3
03098--18,1
03098--19,4
03098--2,2
03098--20,2
03098--21,1
03098--22,2
03098--23,2
03098--24,4
03098--25,2
03098--26,2
03098--27,4
03098--28,4
03098--29,4
03098--3,2
03098--30,2
03098--31,2
03098--32,6
03098--4,4
03098--5,2
03098--6,4
03098--7,2
03098--8,6
03098--9,2
14319--1,1
14319--10,165
14319--11,5
14319--12,273
14319--14,253
14319--15,2
14319--16,103
14319--17,1
14319--18,117
14319--19,1
14319--2,211
14319--20,192
14319--21,3
14319--23,1
14319--25,6
14319--27,2
14319--29,2
14319--3,7
14319--33,3
14319--35,6
14319--37,4
14319--39,4
14319--41,2
14319--43,1
14319--45,5
14319--47,6
14319--49,2
14319--5,1
14319--51,4
14319--53,3
14319--55,5
14319--57,2
14319--6,143
14319--61,2
14319--63,2
14319--65,4
14319--67,2
14319--69,5
14319--7,2
14319--73,2
14319--8,224
14319--9,2
37219--16A,3
37219--18A,4
37219--22A,4
37219--26,2
37219--26A,1
37219--27,9
37219--31,1
37219--6,4
37219--6A,4
03701--1,18
03701--16,24
03762--10,11
03762--14,39
03762--15,16
03762--18,3
03762--23,25
03762--24,15
03762--25,24
03762--4,42
03762--5,19
03811--10,2
03811--11,3
03811--12,4
03811--13,2
03811--14,1
03811--15,2
03811--16,6
03811--17,7
03811--18,8
03811--19,5
03811--2,2
03811--20,3
03811--21,2
03811--22,4
03811--23,4
03811--24,4
03811--25,2
03811--26,5
03811--28,7
03811--30,5
03811--32,4
03811--34,6
03811--36,3
03811--38,2
03811--4,3
03811--40,3
03811--42,1
03811--44,3
03811--46,6
03811--48,5
03811--5,2
03811--50,4
03811--6-8,4
03811--9,4
03811--9A,4
03839--10,6
03839--11,2
03839--13,11
03839--14,1
03839--15,3
03839--17,39
03839--18,47
03839--19,36
03839--2,22
03839--20,29
03839--21,39
03839--22,15
03839--22-OF,5
03839--23,37
03839--24,13
03839--3,25
03839--30,44
03839--33,31
03839--36,1
03839--37,28
03839--38,13
03839--39,13
03839--40,22
03839--42,30
03839--43,17
03839--44,22
03839--8,7
03839--8A,8
03839--9,2
04102--1,2
04102--2,3
36747--1,88
36747--11,95
36747--13,172
36747--15,91
36747--3,120
36747--5,50
36747--7,59
36747--9,98
13177--10,4
13177--14,7
13177--16,1
13177--4,3
13177--8,3
01304--1,3
01304--10,2
01304--12,2
01304--13,4
01304--14,5
01304--15,4
01304--16,4
01304--17,2
01304--18,2
01304--19,3
01304--20,3
01304--21,4
01304--22,7
01304--23,5
01304--24,4
01304--26,2
01304--28,2
01304--3,3
01304--30,13
01304--36,2
01304--4,5
01304--5,3
01304--8,4
05447--1,3
05447--10,11
05447--12,2
05447--13,2
05447--14,2
05447--15,6
05447--3,3
05447--6,5
05447--7,4
05447--9,4
04177--11,93
04177--12,35
04177--13,27
04177--2,50
04177--5,25
04177--6,19
04177--8,133
04314--1,3
04314--11,6
04314--12,2
04314--13,3
04314--3,2
04314--4,3
04314--5,3
04314--6,6
04314--7,3
04314--8,1
04314--9,4
04405--10,1
04405--14,3
04405--16,6
04405--18,5
04405--20,4
04405--22,5
04405--23,6
04405--23A,2
04405--23B,7
04405--23C,3
04405--23D,4
04405--24,3
04405--26,4
04405--28,8
04405--30,7
04405--30 B,1
04405--32,3
04405--34,5
04405--36,6
04405--36A,1
04405--38,1
04405--40,4
04405--42,3
04405--44,7
04405--46,7
04405--48,6
04405--50,6
04405--52,5
04405--54,7
04405--56,6
04405--58,4
04405--60,7
--4A,9
--4B,25
31141--1,49
31141--3,123
31141--4,77
15211--1,7
15211--5,39
15211--6,9
15822--1,3
15822--3,3
15822--4,5
15822--5,3
15822--6,2
04863--1A,19
05009--3D,3
05009--4,6
05009--5,42
05009--6,43
05009--7,52
05023--17,3
05023--21,6
05023--23,3
05023--25,7
05023--27,5
05023--29,7
05023--31,2
05023--33,7
05023--35,6
05023--37,4
05023--39,3
05023--41,4
05023--43,5
05023--45,3
05023--45B,1
05023--47,2
05027--10,2
05027--12,8
05027--13,4
05027--14,3
05027--15,3
05027--16,3
05027--18,1
05027--2,8
05027--20,1
05027--22,7
05027--24,4
05027--25,4
05027--25/B,2
05027--4,3
05027--8,4
14544--5,4
14544--6,3
14544--7,20
31140--10,82
31140--12,127
31140--14,83
31140--16,55
31140--18,56
31140--6,134
31140--8,76
05192--1,7
05192--10,3
05192--11,11
05192--12,3
05192--13,7
05192--14,2
05192--15,4
05192--16,1
05192--2,4
05192--3,8
05192--4,2
05192--5,4
05192--6,5
05192--7,6
05192--8,3
05192--9,4
02849--1,23
02849--10,16
02849--11,29
02849--12,26
02849--13,27
02849--14,3
02849--15,36
02849--17,86
02849--18,21
02849--18A,15
02849--18A<,4
02849--18B,14
02849--18B<,2
02849--2,11
02849--20,9
02849--21,17
02849--3,1
02849--8,12
02849--9,27
14018--2,28
14018--3,22
14018--5,91
14018--6,47
14018--8,19
05345--1,51
05345--2,94
05345--22,2
05345--23,1
05345--24,16
05345--24-OF,1
05345--3,81
05345--5,74
05345--7,67
05431--10,32
05431--20C,2
05431--22,5
05431--34,5
05431--34B,5
05431--34C,4
05431--34D,2
05431--4,4
05431--4B,4
05431--4D,3
05431--4E,2
05431--5,1
05431--54,4
05431--55,9
05431--6,8
05431--7,23
05431--9,31
05441--1,4
05441--100,6
05441--101,2
05441--102,5
05441--103,4
05441--104,3
05441--105,1
05441--106,2
05441--107,4
05441--108,3
05441--109,1
05441--11,2
05441--113,3
05441--114,6
05441--115,2
05441--116,14
05441--117,3
05441--118,5
05441--119,2
05441--11A,5
05441--121,6
05441--122,9
05441--123,4
05441--124,5
05441--125,3
05441--126,6
05441--127,1
05441--128,1
05441--129,3
05441--13,2
05441--130,4
05441--131,10
05441--133,4
05441--135,2
05441--137,1
05441--139,2
05441--145,4
05441--147,9
05441--149,3
05441--15,8
05441--151,4
05441--153,5
05441--157,7
05441--159,3
05441--161,3
05441--165,4
05441--167,4
05441--169,4
05441--17,5
05441--171,3
05441--18,10
05441--20,4
05441--21,7
05441--22,8
05441--23,18
05441--24,2
05441--25,4
05441--26,7
05441--27,3
05441--28,6
05441--29,2
05441--30,7
05441--31,2
05441--31A,2
05441--32,7
05441--34,7
05441--35,5
05441--37,2
05441--39,1
05441--40,5
05441--41,4
05441--42,5
05441--43,5
05441--44,5
05441--46,11
05441--48,2
05441--5,3
05441--50,2
05441--51,5
05441--52,2
05441--53,1
05441--54,2
05441--55,1
05441--57,4
05441--58,3
05441--59,2
05441--61,2
05441--62,3
05441--63,4
05441--64,3
05441--65,4
05441--66,4
05441--68,3
05441--69,3
05441--7,5
05441--70,7
05441--71,5
05441--71A,4
05441--72,5
05441--73,2
05441--74,2
05441--75,3
05441--76,3
05441--77,7
05441--78,3
05441--79,6
05441--7A,2
05441--8,13
05441--80,3
05441--81,3
05441--81A,6
05441--81B,2
05441--82,3
05441--83,7
05441--84,5
05441--85,6
05441--86,9
05441--87,3
05441--88,2
05441--89,7
05441--9,2
05441--90,4
05441--91,1
05441--93,1
05441--94,6
05441--95,3
05441--96,4
05441--97,3
05441--98,4
05441--99,3
05441--9A,4
02736--10,1
02736--11,1
02736--13,5
02736--14,4
02736--15,4
02736--2,1
02736--2A,4
02736--3,3
02736--6,5
02736--8,6
02736--9,4
04429--11,2
04429--13,3
04429--15,3
04429--17,1
04429--19,2
04429--21,4
04429--23,3
04429--25,2
04429--27,9
04429--29,4
04429--3,3
04429--31,2
04429--33,6
04429--7,4
04429--9,1
18095--1,9
18095--13,1
18095--15,4
18095--17,4
18095--19,7
18095--21,1
18095--25,1
18095--3,7
18095--5,4
01811--1,139
01811--10,68
01811--11,79
01811--12,102
01811--14,75
01811--16,97
01811--18,2
01811--2,189
01811--3,46
01811--4,72
01811--5,92
01811--6,104
01811--6A,2
01811--8,139
01811--9,87
00285--1,96
00285--11,80
00285--12,212
00285--13,83
00285--15,95
00285--17,89
00285--19,85
00285--2,88
00285--21,98
00285--3,90
00285--5,93
00285--5A<,3
00285--5C,1
00285--5D,2
00285--6,104
00285--8,169
19907--1,6
19907--10A,5
19907--11,2
19907--11B,2
19907--12,8
19907--12A,2
19907--12B,2
19907--12C,4
19907--13B,1
19907--14,8
19907--2,5
19907--3,11
19907--4,4
19907--5,7
19907--6,7
19907--7,14
19907--8,9
19907--9,3
--1,11
--10,4
--11,6
--12,4
--13,4
--15,4
--16,3
--18,5
--20,7
--22,5
--24,4
--26,3
--28,4
--3,16
--7,13
--8,9
--9,11
02746--1,6
02746--2,8
02746--5,1
02746--8,4
20625--1,2
20625--10,3
20625--11,5
20625--12,4
20625--13,2
20625--14,6
20625--16,3
20625--2,5
20625--3,5
20625--4,1
20625--5,5
20625--7,2
20625--8,4
20625--9,4
25416--1,2
25416--10,3
25416--12,3
25416--2,4
25416--3,3
25416--4,3
25416--5,5
25416--6,7
25416--7,4
25416--8,2
25416--9,6
20489--11,5
20489--13,4
20489--2,4
20489--4,4
20489--5,2
20489--6,3
20489--7,3
20489--9,9
26970--1,71
26970--2,178
05610--1A,4
05610--2,1
05610--3,11
05610--4,3
05610--6,2
05610--8,3
05948--1,131
05948--11,184
05948--3,172
05948--5,140
05948--7,150
05948--9,152
05948--9A,54
06163--1,117
06163--10,15
06163--11,15
06163--12,42
06163--1A,113
06163--5,13
06163--7,31
06163--8,32
06260--1,2
06260--16,2
06260--5,4
06260--6,5
06260--7,6
06260--8,57
06341--1,3
06341--2,39
06341--3,4
06341--3A,3
06341--5,3
06341--7,4
13279--1,105
13279--2,91
13279--22,29
13279--3,58
13279--4,116
13279--5,12
15126--26,4
15126--28B,4
15126--30,3
15126--30A,4
15126--30B,3
15126--30C,4
15126--30D,4
15126--30J,4
15126--30K,5
12418--10,3
07606--43,5
06602--1,1
06602--10,17
06602--11,33
06602--14,15
06602--15,20
06602--16,11
06602--17,24
06602--17-OF,5
06602--18,19
06602--18A,2
06602--20,14
06602--20A,34
06602--20A<,1
06602--21,6
06602--22,11
06602--3,3
06602--4,17
06602--5,24
06602--7,24
06602--9,25
24123--1,6
24123--2,1
24123--2A,3
24123--3,5
24123--4,6
24123--5,2
24123--5A,2
24123--6,5
06776--10,97
06776--12,142
06776--12B,91
06776--12C,153
06776--12C<,3
06776--14,135
06776--14A,131
06776--14B,17
06776--5,1
06776--8,3
31144--1,2
31144--11,3
31144--13,2
31144--15,4
31144--2,198
31144--2C,3
31144--3,3
31144--4,137
31144--5,4
31144--7,3
31144--9,2
03639--1,3
03639--11,1
03639--11A,1
03639--15,2
03639--17,5
03639--19,3
03639--2,3
03639--3,4
03639--4,2
03639--5,3
03639--6,2
03639--7,5
03639--8,2
03639--9,7
15532--10,15
15532--11,25
15532--12,28
15532--13,15
15532--14,19
15532--15,22
15532--16,18
15532--17,10
15532--18,21
15532--19,14
15532--20,21
15532--21,15
15532--22,26
15532--23,18
15532--24,10
15532--24A,13
15532--25,11
15532--26,23
15532--27,15
15532--28,19
15532--29,19
15532--2A,7
15532--3,20
15532--30,23
15532--31,18
15532--32,15
15532--4,25
15532--6,22
15532--7,17
15532--8,20
11749--5A,11
11749--5B,11
11749--5C,11
11749--6,52
17475--2,9
17475--3,1
17475--4,6
17475--5,6
17475--6,4
37217--19A,2
12037--1,3
12037--10,4
12037--11,3
12037--12,3
12037--13,4
12037--14,3
12037--15,10
12037--16,3
12037--2,2
12037--3,2
12037--4,3
12037--5,4
12037--6,4
12037--7,1
12037--8,4
12037--9,3
07029--1,3
07029--11,5
07029--12,1
07029--13,2
07029--14,5
07029--15,5
07029--17,1
07029--18,4
07029--19,4
07029--2,2
07029--20,3
07029--21,4
07029--24,5
07029--25,1
07029--26,4
07029--27,1
07029--28,2
07029--29,1
07029--3,3
07029--30,3
07029--31,1
07029--32,4
07029--33,6
07029--4,1
07029--5,4
07029--6,2
07029--7,2
07029--8,4
07029--9,3
07097--19,3
07097--23,2
07097--25,1
07097--27,4
07097--31,3
07097--35,4
07097--39,7
07097--41,2
07097--43,2
07097--47,4
07097--49,4
07097--53,3
07097--55,2
07097--59,2
00904--10,2
00904--12,3
00904--13,2
00904--15,3
00904--17,5
00904--2,3
00904--2A,3
00904--3,2
00904--4,7
00904--4A,7
00904--4A<,1
00904--5,2
00904--6,5
00904--6A,2
00904--6B,5
00904--7,2
00904--8,9
00904--8A,3
00904--9,4
03851--10,13
03851--10-OF,2
03851--11,7
03851--12,8
03851--13,9
03851--13A,6
03851--13B,8
03851--13C,51
03851--13D,56
03851--13D<,3
03851--13E,29
03851--13F,45
03851--14,19
03851--15,27
03851--16,25
03851--19,13
03851--19-OF,3
03851--2,3
03851--20,11
03851--21,6
03851--23,2
03851--24,1
03851--25,8
03851--26,17
03851--3,10
03851--4,6
03851--5,10
03851--6,16
08153--1,17
08153--2,15
08153--3,16
08153--4,18
08153--5,20
08153--6,44
08153--8,1
07117--1,1
07117--10,5
07117--11,2
07117--12,3
07117--12B,2
07117--13,9
07117--13A,91
07117--13A<,1
07117--14,7
07117--15,1
07117--16,3
07117--17,4
07117--18,2
07117--19,71
07117--2,5
07117--20,104
07117--3,5
07117--4,1
07117--5,5
07117--6,4
07117--7,10
07117--8,5
07117--9,4
08396--1,1
08396--11,3
08396--12,3
08396--12A,1
08396--12C,4
08396--12D,3
08396--14,8
08396--14A,1
08396--14B,2
08396--14C,4
08396--14D,3
08396--16,2
08396--16A,2
08396--16B,1
08396--16C,2
08396--16D,1
08396--18,3
08396--18A,3
08396--18B,4
08396--18C,7
08396--18D,3
08396--1A,4
08396--20,3
08396--20A,6
08396--20B,5
08396--20C,3
08396--20D,3
08396--21C,2
08396--22,2
08396--22A,6
08396--22C,2
08396--22D,4
08396--23C,6
08396--23D,1
08396--25D,2
08396--29C,2
08396--29D,3
08396--3,1
08396--31D,4
08396--3C,1
08396--5,3
08396--5B,1
08396--5C,1
08396--9,5
08435--10,6
08435--12,29
08435--13,15
08435--14,7
08435--15,13
08435--16,17
08435--17,15
08435--18,16
08435--19,6
08435--22,14
08435--23,20
08435--25,9
08435--26,5
08435--29,1
08435--30,7
08435--33,4
08435--35,40
08435--46,25
08435--47A,26
08435--48,22
08435--49,16
08435--6,11
08435--8,7
08728--1,1
08728--2,2
08728--3,4
08728--4,1
08728--5,1
08728--6,1
09719--1,14
09719--4,21
09719--5,13
12489--1,1
12489--11,4
12489--13,4
12489--15,3
12489--17,1
12489--19,5
12489--21,2
12489--23,4
12489--25,2
12489--29,4
12489--31,2
12489--33,3
12489--35,3
12489--37,3
12489--39,5
12489--4,2
12489--41,1
12489--5,3
12489--6,4
12489--7,3
12489--8,5
12489--9,2
23031--1,2
23031--11,1
23031--3,1
23031--5,3
23031--7,3
23031--9,2
15384--1,5
15384--10,6
15384--11,3
15384--13,4
15384--15,3
15384--3,2
15384--5-7,51
15384--8,2
15384--9,81
31145--1,4
31145--10,1
31145--100,2
31145--102,2
31145--104,1
31145--11,2
31145--110,3
31145--112,1
31145--116,2
31145--118,4
31145--12,3
31145--120,4
31145--122,4
31145--128 130,1
31145--13,2
31145--132,3
31145--134,2
31145--136,1
31145--138,5
31145--146,2
31145--15,2
31145--16,2
31145--17,2
31145--19,4
31145--1A,6
31145--1B,4
31145--2,5
31145--21,4
31145--24,1
31145--26,4
31145--28,4
31145--3,3
31145--30,2
31145--34,4
31145--36,2
31145--4,2
31145--40,3
31145--42,1
31145--44,3
31145--46,2
31145--5,1
31145--50,2
31145--54,1
31145--58,4
31145--6,2
31145--60-62,2
31145--64,3
31145--66,1
31145--68,2
31145--7,2
31145--70,7
31145--72,3
31145--74,4
31145--76,4
31145--8,2
31145--80,3
31145--82,3
31145--84,4
31145--88,2
31145--9,4
31145--90,3
31145--92,2
31145--94,6
31145--96,3
31145--98,4
20427--1,7
20427--11,182
20427--15,16
20427--16,28
20427--17,60
20427--18,28
20427--19,6
20427--20,21
20427--21,16
20427--30,99
20427--7,193
20427--9,170
25561--1,3
25561--2,4
25561--20,2
25561--20B,1
25561--21,2
25561--22,5
25561--23,2
25561--24,9
25561--25,6
25561--26,2
25561--27,5
25561--3,2
25561--4,2
25561--5,6
25561--6,1
25561--8,5
10493--1,3
10493--10,4
10493--11,5
10493--12,3
10493--13,3
10493--14,5
10493--15,3
10493--16,4
10493--17,4
10493--18,5
10493--19,2
10493--2,2
10493--20,4
10493--21,2
10493--22,3
10493--23,2
10493--24,2
10493--25,6
10493--26,1
10493--28,4
10493--29,1
10493--3,2
10493--30,3
10493--31,2
10493--32,2
10493--33,1
10493--34,2
10493--35,2
10493--36,8
10493--38,3
10493--4,3
10493--5,5
10493--6,4
10493--7,4
10493--8,3
10493--9,2
06944--2,4
06944--4,5
06944--6,2
06944--8,4
07290--1,4
07290--11,3
07290--12,3
07290--2,14
07290--4,2
07290--5,1
07290--6,1
07290--8,2
07290--9,6
07335--1,4
07335--10,5
07335--2,7
07335--4,1
07335--6,2
07335--8,4
07380--1,3
07380--10,2
07380--11,2
07380--12,2
07380--14,3
07380--15,7
07380--16,3
07380--17,5
07380--18,2
07380--18A,3
07380--19,5
07380--2,3
07380--20,1
07380--21,6
07380--23,5
07380--24,5
07380--25,5
07380--26,3
07380--27,3
07380--28,6
07380--29,2
07380--3,4
07380--30,8
07380--31,2
07380--32,4
07380--33,2
07380--34,4
07380--35,3
07380--36,4
07380--38,2
07380--39,3
07380--3A,2
07380--4,3
07380--40,2
07380--41,3
07380--42,4
07380--43,6
07380--44,3
07380--45,3
07380--46,4
07380--47,4
07380--49,3
07380--5,3
07380--51,9
07380--53,2
07380--55,3
07380--57,4
07380--59,3
07380--6,3
07380--61,3
07380--63,2
07380--7,2
07380--8,4
07380--9,3
07394--1,5
07394--10,3
07394--11,1
07394--15,4
07394--18,4
07394--2,2
07394--3,3
07394--5,2
07394--6,2
07394--7,2
07394--9,4
12517--1,2
12517--11,2
12517--3,3
12517--5,6
12517--7,5
12517--9,4
07435--2A,3
36562--1,3
36562--10,3
36562--12,1
36562--13,4
36562--16,4
36562--18,5
36562--21,5
36562--24,3
36562--26,4
36562--27,3
36562--28,3
36562--34,3
36562--36,3
36562--38,3
36562--4,2
36562--5,2
36562--6,2
36562--7,3
36562--9,3
07506--1,6
07506--11,4
07506--12,2
07506--15,6
07506--17,5
07506--19,4
07506--2,2
07506--21,4
07506--23,2
07506--25,2
07506--27,3
07506--29,2
07506--3,1
07506--30,1
07506--31,4
07506--32,5
07506--35,4
07506--39,3
07506--4,2
07506--43,10
07506--45,4
07506--49,3
07506--5,4
07506--51,2
07506--53,6
07506--57,7
07506--7,5
07506--9,3
10793--1,8
10793--10,4
10793--11,3
10793--12,5
10793--14,3
10793--15,7
10793--16,2
10793--17,5
10793--18,4
10793--19,1
10793--2,6
10793--20,2
10793--21,1
10793--24,79
10793--25,24
10793--26,35
10793--27,4
10793--28,6
10793--29,4
10793--3,9
10793--30,13
10793--31,6
10793--32,11
10793--33,5
10793--34,4
10793--35,7
10793--36,3
10793--37,12
10793--38,16
10793--39,10
10793--40,12
10793--41,3
10793--42,4
10793--43,9
10793--44,9
10793--45,6
10793--46,9
10793--47,9
10793--48,5
10793--49,4
10793--50,7
10793--51,6
10793--52,8
10793--53,13
10793--53A,8
10793--53B,13
10793--53C,20
10793--53D,44
10793--54,20
10793--55,9
10793--56,13
10793--57,16
10793--9,2
07582--1,7
07582--11,1
07582--12,3
07582--13,7
07582--15,3
07582--16,3
07582--17,2
07582--18,5
07582--2,6
07582--20,2
07582--22,2
07582--23,2
07582--24,4
07582--25,5
07582--26,2
07582--26A,1
07582--27,3
07582--28,2
07582--29,3
07582--3,1
07582--30,3
07582--31,3
07582--32,2
07582--33,1
07582--34,5
07582--35,2
07582--36,3
07582--37,1
07582--38,3
07582--39,2
07582--4,4
07582--40,3
07582--41,2
07582--42,4
07582--43,4
07582--44,5
07582--45,2
07582--46,4
07582--47,2
07582--48,3
07582--49,1
07582--5,2
07582--50,4
07582--52,5
07582--53A,6
07582--54,2
07582--55,4
07582--56,9
07582--57,3
07582--58,4
07582--6,3
07582--60,2
07582--62,3
07582--64,1
07582--65,3
07582--66,6
07582--67,2
07582--7,2
07582--70,3
07582--72,2
07582--74,4
07582--77,5
07582--78,3
07582--79,3
07582--79A,5
07582--79B,4
07582--8,6
07582--81,3
07582--81B,3
07582--81C,5
07582--83,3
07582--83A,6
07582--83B,3
07582--83C,5
07582--85,7
07582--85A,1
07582--85B,2
07582--87,7
07582--87A,7
07582--89,3
07582--9,5
07582--95,3
07582--97,2
01015--11,4
01015--4,21
01015--5,8
01015--7,12
01015--8,6
01015--9-10,1
02706--12,1
02706--14A,2
02706--16,10
02706--18,6
02706--3,3
02706--7,102
16264--10,3
16264--11,10
16264--13,7
16264--14,6
16264--15,5
16264--17,1
16264--1A,152
16264--1B,115
16264--1C,90
16264--1D,97
16264--1E,109
16264--1E<,3
16264--3,236
16264--41,4
16264--44,2
16264--45,4
16264--47,5
16264--5,220
16264--52,12
16264--53,15
16264--54,12
16264--55,15
16264--56,14
16264--57,11
16264--58,22
16264--59,14
16264--5B,111
16264--5C,3
16264--60,14
16264--61,16
16264--62,13
16264--63,15
16264--64,15
16264--65,12
16264--66,8
16264--66A,2
16264--67,16
16264--68,16
16264--69,17
16264--7,224
16264--70,14
16264--71,16
16264--73,3
16264--8,12
16264--9,3
21575--1,6
21575--10A,1
21575--14,2
21575--15,10
21575--16,1
21575--17,6
21575--18,5
21575--19,7
21575--2,4
21575--20,2
21575--21,6
21575--22,6
21575--23,6
21575--24,5
21575--25,3
21575--26,5
21575--27,6
21575--28,7
21575--29,5
21575--3,3
21575--30,7
21575--31,18
21575--4,2
21575--5,3
21575--6,1
21575--7,5
21575--8,4
21575--8A,2
21575--9,1
21575--9A,6
24908--1,11
24908--10,1
24908--11,3
24908--12,8
24908--13,5
24908--14,14
24908--15,10
24908--16,17
24908--2,9
24908--3,5
24908--4,9
24908--5,13
24908--6,6
24908--7,10
24908--8,7
24908--9,5
24908--9A,2
04889--1,10
04889--10,98
04889--11,45
04889--12,57
04889--13,46
04889--18,19
04889--19,5
04889--2,11
04889--20,20
04889--21,21
04889--22,13
04889--23,6
04889--3,13
04889--4,21
04889--5,15
04889--6,18
04889--8,107
04889--9,90
27319--1,11
27319--11,26
27319--12,30
27319--12A,21
27319--12A<,1
27319--12B,11
27319--13,37
27319--13A,20
27319--14,24
27319--14A,24
27319--14A<,6
27319--14B,14
27319--14B<,1
27319--16,37
27319--17A,25
27319--18,23
27319--18A,19
27319--18A<,1
27319--19,30
27319--2,31
27319--20,16
27319--20A,18
27319--20B,15
27319--21,36
27319--21 O<F<,1
27319--21A,1
27319--21-OF,13
27319--21OF,1
27319--22,41
27319--23,41
27319--24,25
27319--25,9
27319--25A,3
27319--25-OF,1
27319--26,19
27319--26A,4
27319--3,15
27319--4,28
27319--5,45
27319--6,28
27319--6A,13
27319--6A<,1
27319--6B,19
27319--6B<,4
27319--7,37
27319--8,24
27319--8A,24
17866--1,2
17866--10,3
17866--2,2
17866--3,3
17866--4,2
17866--5,2
17866--6,2
17866--7,3
17866--8,2
17866--9,3
23196--12,127
23196--2,28
23196--20A,52
23196--21,53
23196--21A,21
23196--21A<,3
23196--21B,35
23196--21C,24
23196--22,5
23196--22-OF,16
23196--23A,25
23196--3,15
23196--35,18
23196--36,8
23196--5,16
23196--8,31
23196--8A,17
23196--8B,9
23196--8C,19
23196--8C<,1
23196--9,34
09463--1,4
09463--10,3
09463--11,6
09463--12,2
09463--13,2
09463--15,5
09463--16,2
09463--17,9
09463--17A,1
09463--18,12
09463--19,16
09463--19A,17
09463--2,3
09463--20,3
09463--22,4
09463--23A,12
09463--24,5
09463--25,2
09463--26,7
09463--27,4
09463--28,2
09463--29,4
09463--3,1
09463--30,2
09463--31,8
09463--32,5
09463--33,5
09463--33A,4
09463--34,2
09463--35,3
09463--36,3
09463--37,1
09463--38,1
09463--39,2
09463--4,2
09463--40,3
09463--41,5
09463--42,3
09463--43,2
09463--5,1
09463--6,5
09463--7,3
09463--8,2
09463--9,3
20291--1,7
20291--10,13
20291--12,3
20291--15,3
20291--16,10
20291--2,10
20291--20,203
20291--22,16
20291--26,6
20291--28,5
20291--3,2
20291--30,25
20291--31,81
20291--31A,1
20291--33,8
20291--34,21
20291--36,59
20291--37,42
20291--38,15
20291--38A,14
20291--39,36
20291--39A,30
20291--39A<,1
20291--4,46
20291--43,12
20291--45,12
20291--5,9
20291--6,69
20291--8,27
20291--9,7
07804--1,3
07804--10,3
07804--11,3
07804--12,4
07804--13,4
07804--15,3
07804--16,3
07804--17,2
07804--18,2
07804--19,2
07804--1A,3
07804--1B,2
07804--1C,2
07804--2,5
07804--20,4
07804--21,3
07804--22,4
07804--23,3
07804--24,2
07804--25,3
07804--26,4
07804--27,2
07804--2A,4
07804--2B,5
07804--2B<,1
07804--2C,3
07804--3,5
07804--30,4
07804--31,2
07804--33,2
07804--4,2
07804--5,2
07804--6,4
07804--7,3
07804--8,2
07804--9,3
25107--1,84
25107--2,98
25107--3,94
25107--4,94
25107--5,89
25107--6,97
25107--8,120
01815--27,4
01815--31,1
01815--4,4
01815--4A,5
01815--4B,3
01815--4C,1
01815--6,1
01815--61,2
26983--1,1
26983--10,4
26983--11,4
26983--13,4
26983--14,1
26983--16,2
26983--17,6
26983--18,1
26983--19,2
26983--2,4
26983--20,3
26983--21,3
26983--22,1
26983--23,2
26983--24,2
26983--24A,5
26983--3,3
26983--4,1
26983--5,3
26983--6,4
26983--7,2
26983--8,5
08664--1,5
08664--21,25
08664--22,34
08664--23,73
08664--26,38
08664--27,23
08664--3,20
08664--9,2
22238--10A,20
22238--10B,29
22238--10C,31
22238--11,54
22238--12,43
22238--13,37
22238--14,50
22238--22,3
22238--4,1
22238--6,8
22238--6A,10
22238--6A<,4
22238--6B,6
22238--6C,13
22238--6D,11
22238--6E,11
22238--7,20
22238--8,86
22238--8A,3
22238--9,10
22238--9A,9
22238--9A<,1
08171--10,3
08171--12,2
08171--14,3
08171--16,3
08171--2,1
08171--6,4
08171--8,4
08183--15,7
08183--17,4
08183--18,3
08183--21A,7
08183--21B,5
08183--23,6
08183--24,3
08183--25,4
08183--26,8
08183--27,1
08183--28,8
08183--3,6
08183--30,7
08183--31,2
08183--33,2
08183--35,7
08183--36,3
08183--37,4
08183--39,1
08183--41,1
08183--43,4
08183--44,5
08183--47A,3
08183--47B,2
08183--49,12
08183--5,8
08183--50,4
08183--51,4
08183--51A,3
08183--51B,3
08183--54B,1
08183--54BA,3
08183--55,6
08183--56,3
08183--58,4
08183--7,7
08574--10,3
08574--12,1
08574--14,7
08574--16,4
08574--18,1
08574--20,2
08574--2A,1
08574--2B,4
08574--30D,3
08574--30E,4
08574--32,13
08574--32B,4
08574--32D,2
08574--4,3
08574--48,5
08574--5,4
08574--7,19
08574--8,4
09003--10,48
09003--11,13
09003--12,24
09003--13,53
09003--13A,3
09003--13A<,3
09003--13-OF,5
09003--15A<,1
09003--15D,18
09003--15E,26
09003--16,7
09003--16A,10
09003--16A<,2
09003--16B,18
09003--16C,15
09003--16D,5
09003--16E,19
09003--16F,7
09003--17,19
09003--18,35
09003--19A,21
09003--19B,25
09003--19C,27
09003--19D,10
09003--21,111
09003--23,47
09003--23-OF,6
09003--23O<F<,1
09003--24,67
09003--27,8
09003--28,19
09003--29,11
09003--31,2
09003--34,7
09003--35,18
09003--36,21
09003--37,7
09003--37A,7
09003--38,13
09003--38A,6
09003--38-OF,2
09003--39,18
09003--39A,6
09003--40,24
09003--40-OF,2
09003--41,17
09003--41A,6
09003--42,18
09003--43,5
09003--44,11
09003--45,15
09003--47,20
09003--5,1
09003--6,20
09003--7,20
09003--8,24
09003--9,41
05300--1,3
05300--10,2
05300--13,2
05300--14,3
05300--16,2
05300--18,5
05300--2,3
05300--20,2
05300--22,5
05300--24,4
05300--26,5
05300--28,2
05300--3,4
05300--4,3
05300--5,6
05300--6,5
05300--8,3
09223--1,2
09223--10,1
09223--2,2
09223--4,2
09223--6,3
09223--8,2
09223--9,4
09503--10,98
09503--11,77
09503--11A,68
09503--2,99
09503--3,68
09503--4,159
09503--5,60
09503--7,60
09503--9,37
09503--9A,88
09509--10,344
09509--12,75
09509--14,167
09509--16,107
09509--18,88
09509--2,370
09509--20,280
09509--21,1
09509--22,98
09509--4,83
09509--6,97
09509--7,80
09509--7B,51
09509--8,94
09665--2,55
10003--1,423
10003--11,182
10003--13,76
10003--4,380
10003--5,207
10003--6,178
10003--9,111
00393--1,5
00393--10,8
00393--11,14
00393--12,2
00393--13,7
00393--14,15
00393--15,3
00393--16,10
00393--17,2
00393--18,5
00393--19,9
00393--20,3
00393--21,10
00393--21A,9
00393--21B,13
00393--22,6
00393--23,6
00393--23A,10
00393--24,5
00393--24A,4
00393--24A<,1
00393--25,8
00393--25A,5
00393--25B,10
00393--26,4
00393--27,6
00393--28,9
00393--29,7
00393--3,2
00393--30,2
00393--31,4
00393--32,5
00393--33,13
00393--34,4
00393--34A,2
00393--35,6
00393--36,8
00393--37,6
00393--38,6
00393--4,8
00393--5,12
00393--5A,4
00393--6,14
00393--7,11
00393--8,16
00393--9,4
10157--1,4
10157--10,1
10157--11,4
10157--12,4
10157--13,6
10157--14,2
10157--15,3
10157--16,5
10157--17,4
10157--18,4
10157--19,3
10157--2,1
10157--20,7
10157--22,5
10157--23A,30
10157--23A<,2
10157--23B,18
10157--23C,27
10157--23C<,1
10157--24,2
10157--26,1
10157--28,2
10157--3,3
10157--30,4
10157--32,2
10157--34,1
10157--36,2
10157--38,2
10157--4,16
10157--40,2
10157--42,2
10157--44,5
10157--46,2
10157--48,8
10157--48A,1
10157--5,6
10157--50,5
10157--52,3
10157--56,1
10157--56A,1
10157--58,5
10157--6,2
10157--60,2
10157--62,1
10157--64,3
10157--6B,1
10157--6C,6
10157--7,6
10157--8,7
10157--8B,1
10157--9,1
02293--1,3
02293--10,7
02293--11,2
02293--12,7
02293--13,2
02293--14,3
02293--15,3
02293--16,2
02293--17,3
02293--18,3
02293--19,2
02293--2,2
02293--20,1
02293--21,3
02293--23,5
02293--24,1
02293--25,3
02293--26,5
02293--27,5
02293--28,3
02293--29,4
02293--3,1
02293--31,4
02293--31A,2
02293--32,6
02293--33,2
02293--34,4
02293--35,7
02293--36,4
02293--37,4
02293--37A,4
02293--38,3
02293--39,3
02293--40,6
02293--41,2
02293--42,7
02293--43,8
02293--44,6
02293--45,6
02293--46,5
02293--47,2
02293--48,3
02293--49,2
02293--51,4
02293--51A,5
02293--52A,4
02293--52B,2
02293--52C,5
02293--53A,3
02293--55,3
02293--8,7
02293--9,6
26049--1,2
26049--10,6
26049--11,3
26049--12,7
26049--14,6
26049--18,4
26049--20,3
26049--24,2
26049--28,5
26049--30,1
26049--5,5
26049--6,3
26049--7,2
26049--8,4
26049--9,3
17113--12,33
17113--13,28
17113--14,43
17113--15,32
17113--16,5
17113--17,8
17113--18,8
17113--19,8
17113--2,62
17113--20,10
17113--21,12
17113--22,8
17113--23,5
17113--24,11
17113--25,8
17113--27A,9
17113--27B,1
17113--2A,2
17113--2B,4
17113--32,18
17113--33,20
17113--34,70
17113--35,11
17113--38,4
17113--39,3
17113--40,5
17113--41,4
17113--44,6
17113--45,7
17113--46,6
04399--5,95
04399--7,82
20554--1,60
20554--11,122
20554--2,134
20554--2A,5
20554--3,20
20554--4,98
20554--5,87
20554--6,68
20554--7,111
20554--9,122
10562--1,3
10562--11,2
10562--2,5
10562--3,2
10562--5,2
10562--6,3
10562--7,2
10562--9,4
10718--10,3
10718--5,4
10718--8,4
10775--16,3
10775--20,4
10775--24,4
10775--26,4
10775--32,3
10775--8,6
10780--1,1
10780--12,4
10780--13,6
10780--2,2
10780--3,3
10780--4,5
20798--1,4
20798--2,4
20798--3,6
20798--4,3
20798--5,2
20798--6,1
20798--7,3
10870--1,3
10870--10,4
10870--11,4
10870--12,37
10870--14,55
10870--15,5
10870--15A,1
10870--15B,5
10870--16,25
10870--17,1
10870--18,33
10870--19A,4
10870--19B,4
10870--20,20
10870--21,4
10870--23,4
10870--3,3
10870--6A,2
10870--6B,5
10870--8A<,4
10870--8B,2
10870--9,4
10898--1,11
10898--1A,18
10898--2,18
10898--3,24
10898--4,28
10898--5,35
10898--7A,1
10898--8,91
10898--9,46
11139--1,93
11139--11A<,2
11139--11B<,2
11139--17,3
11139--19,3
11139--2,121
11139--21,4
11139--23,3
11139--25,3
11139--29,6
11139--3,104
11139--31,3
11139--35,3
11139--4,110
11139--7,2
11139--9A,3
11139--9B,1
11139--9B<,1
02013--10,3
02013--12,2
02013--14,2
02013--16,3
02013--16A,2
02013--17,13
02013--19,9
02013--2,4
02013--20,3
02013--21,29
02013--22,2
02013--23,29
02013--24,4
02013--24A,3
02013--25,27
02013--26,4
02013--27,4
02013--30,4
02013--31,27
02013--33,56
02013--34,4
02013--36,4
02013--40,3
02013--42,4
02013--44,4
02013--46,4
02013--48,3
02013--48A,5
02013--50,5
02013--52,4
02013--54,4
02013--56,4
02013--6,3
02013--8,1
12810--11,5
12810--12,1
12810--13,3
12810--3,17
12810--4,2
12810--4A<,3
12810--5,2
12810--5A<,2
12810--7,2
12810--8,6
12810--9,6
20551--1,28
20551--10,31
20551--11,25
20551--12,34
20551--12A,5
20551--13,15
20551--14,13
20551--15,36
20551--16,17
20551--17,40
20551--18,33
20551--19,27
20551--19-OF,2
20551--1A,12
20551--2,15
20551--3,16
20551--4-5,29
20551--4/5,42
20551--6,29
20551--7,14
23707--1,11
25536--1,9
25536--2,11
25536--3,18
25536--4,18
25536--5,93
11596--1,6
11596--11,1
11596--13,4
11596--15,1
11596--17,2
11596--19,1
11596--3,4
11596--5,1
11596--7,3
11596--9,1
23887--1,2
23887--11,3
23887--13,4
23887--15,4
23887--19,4
23887--21,6
23887--23,2
23887--3,4
23887--5,3
23887--7,3
23887--9,4
12004--10,4
12004--22,4
12004--24,5
12004--26,7
12004--3,8
12004--30,3
12004--32,3
12004--33,4
12004--35,4
12004--3A,4
12004--41,2
12004--49,6
12004--9,4
12065--12,2
12065--14,1
12065--16,5
12065--20,1
12065--20A,3
12065--7,4
12065--7A,1
12065--7B,3
12065--7C,3
12065--9,3
12065--9A,2
12065--9B,4
12065--9C,2
03148--11,11
03148--12,17
03148--13,15
03148--4,17
03148--6,28
03148--9,54
03691--1,4
03691--10,3
03691--14,6
03691--16,4
03691--18,6
03691--2,2
03691--3,2
03691--4,2
03691--6,1
03691--8,4
09186--10,10
09186--11,2
09186--13,15
09186--14,64
09186--15,35
09186--16,37
09186--17,11
09186--18,38
09186--19,28
09186--20,20
09186--20A,5
09186--26,22
09186--27,27
09186--28,41
09186--29,2
25276--1,1
25276--10,82
25276--11,7
25276--12,85
25276--13,3
25276--14,65
25276--15,2
25276--17,1
25276--19,2
25276--2,1
25276--21,2
25276--23,4
25276--25,2
25276--27,5
25276--3,2
25276--45,2
25276--47,4
25276--49,1
25276--51,3
25276--53,3
25276--55,4
25276--57,5
25276--59,1
25276--61,5
25276--63,5
25276--65,2
25276--67,5
25276--7,1
25276--8,76
25276--9,5
40269--30,4
40269--32B,2
31143--1,5
31143--11,2
31143--15,3
31143--17,4
31143--2,102
31143--21,1
31143--23,3
31143--24,5
31143--25,5
31143--26,4
31143--27,5
31143--28,3
31143--3,2
31143--30,4
31143--32,5
31143--34,4
31143--36,5
31143--4,64
31143--40,3
31143--6,102
31143--7,3
31143--9,4
13154--10,62
13154--11,123
13154--12,24
13154--13,80
13154--14,67
13154--15,127
13154--16,73
13154--18,94
13154--2,33
13154--20,68
13154--3,105
13154--4,65
13154--5,97
13154--6,95
13154--7,86
13154--8,148
13154--9,15
13378--10,38
13378--11,33
13378--12,23
13378--13,68
13378--2,17
13378--3,64
13378--4,19
13378--5,25
13378--6,23
13378--7,63
13378--8,38
13378--9,33
07353--1,3
07353--10,3
07353--2,1
07353--3,2
07353--4,6
07353--5,4
07353--6,3
07353--7,2
07353--8,2
07353--9,5
14140--3,18
14140--4,4
14140--5,19
14140--7,13
12765--1,2
12765--10,6
12765--2,3
12765--4,5
12765--6,4
12765--8,3
12832--1,15
12832--2,10
12832--3,5
12832--4,15
12832--5,9
12832--6,13
12832--6A,12
12832--6B,7
12832--6C,15
12832--6D,23
12832--7,58
09282--15,29
09282--16,8
09282--17,48
09282--19,38
09282--2,23
09282--22,15
09282--25,28
09282--34,1
09282--34A,15
09282--34B,19
09282--35,5
09282--35A,1
09282--4-5,3
09282--6,24
09282--7,14
09282--8,14
18565--1,2
18565--10,4
18565--11,2
18565--12,1
18565--13,2
18565--14,6
18565--15,5
18565--16,4
18565--17,3
18565--18,3
18565--19,1
18565--2,3
18565--20,1
18565--21,1
18565--22,6
18565--23,2
18565--24,1
18565--25,4
18565--26,13
18565--27,5
18565--28,3
18565--29,3
18565--3,6
18565--30,2
18565--31,3
18565--32,3
18565--33,5
18565--34,3
18565--35,4
18565--36,5
18565--37,7
18565--38,4
18565--39,2
18565--4,1
18565--40,1
18565--41,4
18565--42,4
18565--42A,13
18565--43,9
18565--44,6
18565--45,5
18565--46,3
18565--47,4
18565--48,5
18565--49,9
18565--5,2
18565--50,6
18565--51-52,6
18565--53,1
18565--54,5
18565--55A,3
18565--6,3
18565--7,2
18565--8,4
18565--9,6
12896--1,38
12896--2,27
12896--3,37
12896--4,43
12896--5,79
12896--5A,1
12896--6,24
--17,5
--19,8
--21,8
--23,7
21499--1,4
21499--101,3
21499--103,6
21499--105,3
21499--107,2
21499--11,4
21499--111,3
21499--117,4
21499--119,3
21499--127,2
21499--13,6
21499--131,3
21499--135,4
21499--141,3
21499--145,2
21499--15,3
21499--151,3
21499--165,4
21499--17,3
21499--19,1
21499--21,2
21499--23,3
21499--29,2
21499--3,6
21499--31,1
21499--35,3
21499--37,1
21499--41,3
21499--43,2
21499--45,3
21499--49,4
21499--5,3
21499--53,3
21499--57,6
21499--59,4
21499--61,3
21499--63,4
21499--69,4
21499--7,3
21499--71,1
21499--73,5
21499--75,2
21499--81,2
21499--83,2
21499--85,1
21499--89,5
21499--9,4
21499--91,4
21499--93,4
21499--95,4
21499--97,4
21499--99,3
06406--1,11
06406--10,27
06406--10A,4
06406--10A<,1
06406--3,7
06406--4,18
06406--5,2
06406--6,3
06406--7,1
06406--8,2
13132--4,1
13132--4A,1
13184--1,3
13184--10,5
13184--11,3
13184--12,7
13184--13,2
13184--14,5
13184--15,5
13184--16,4
13184--17,2
13184--18,3
13184--19,2
13184--2,1
13184--20,3
13184--21,3
13184--22,4
13184--23,4
13184--26,4
13184--28,3
13184--3,5
13184--30,6
13184--31,2
13184--32,3
13184--33,4
13184--34,5
13184--35,1
13184--37,9
13184--39,2
13184--4,6
13184--40,1
13184--41,2
13184--42,2
13184--43,2
13184--44,2
13184--45,5
13184--46,4
13184--48,2
13184--5,2
13184--6,2
13184--7,9
13184--8,5
13184--9,1
13486--11,36
13486--14,19
13486--3,11
13486--6,15
13486--9,12
13665--1,5
13665--2,2
13665--3,2
13665--4,5
13665--5,2
13665--6,5
13665--7,3
13665--8,2
13665--9,2
13706--1,41
13706--18,3
13706--22,7
13706--7,14
13706--8,3
13706--8A,11
13706--9,8
13706--9A,3
13706--9B,2
13706--9C,2
13706--9D,5
13706--9E,8
13706--9F,5
13706--9G,5
13830--10,12
13830--11,14
13830--12,15
13830--13,18
13830--16,1
13830--16A,4
13830--2,20
13830--25,56
13830--26,76
13830--26D,1
13830--27,84
13830--3,21
13830--31,22
13830--32,25
13830--7,62
--102,2
--104,3
--106,4
--110,4
--112,2
--114,4
--30,6
--32,3
--34,4
--36,3
--38,2
--44,6
--46,2
--48,1
--52,2
--54,4
--56,2
--58,1
--60,6
--62,2
--66,2
--68,2
--72,2
--74,1
--78,3
--80,6
--82,3
--86,5
--88,4
--92,1
--96,4
--98,3
14411--1,60
14411--2,94
14495--1,156
14495--2,57
14495--24,5
14495--3,159
14495--30,2
14495--6,1
14663--7,6
14834--11,9
14834--12,5
14834--13,8
14834--15,2
14834--15A,14
14834--16,17
14834--16A,26
14834--17,8
14834--19,19
14834--2,28
14834--20,24
14834--20A,2
14834--21,15
14834--21-OF,5
14834--22,11
14834--2-OF,4
14834--3,6
14834--5A<,4
14834--6,8
14834--7,15
14834--8,65
14834--8A,106
14834--8A<,2
14945--1,5
14945--10,5
14945--12,2
14945--14,6
14945--18,7
14945--2,8
14945--4,2
14945--5,6
14945--6,3
14945--8,2
10369--1,143
10369--3,170
10369--4,130
10369--7,85
10369--7A,93
15479--12,8
15479--16,3
15479--18,2
15479--20,5
15479--23,4
15479--30,3
15479--32,1
15710--1,3
15710--10,5
15710--11,3
15710--13,2
15710--1A,2
15710--1B,3
15710--2,1
15710--3,1
15710--4,5
15710--5,10
15710--6,3
15710--9,5
15733--13,3
15733--14,2
15733--15,11
15733--16,22
15733--17,17
15733--17-OF,4
15733--18,15
15733--18A,1
15733--18-OF,5
15733--18OF,1
15733--19,30
15733--20,12
15733--21,15
15733--22,15
15733--23,6
15733--26,9
15733--28,16
15733--29,16
15733--30,10
15733--32,13
15733--33,30
24516--1,3
24516--10,1
24516--11,3
24516--12,4
24516--13,2
24516--14,3
24516--15,2
24516--16,3
24516--17,39
24516--18,3
24516--19,25
24516--20,2
24516--21,4
24516--22,2
24516--23,4
24516--24,1
24516--25,2
24516--26,2
24516--27,5
24516--28,5
24516--29,4
24516--3,2
24516--30,5
24516--31,4
24516--6,4
24516--7,2
24516--8,3
24516--9,3
16057--1,4
16057--14,5
16057--15,2
16057--2,1
16057--3,18
16057--4,5
16057--4A,2
16057--5,12
16057--6,18
16116--1,46
16116--12,27
16116--13,4
16116--14,4
16116--15,3
16116--16,6
16116--20,2
16116--21-22,11
16116--23,8
16116--24,5
20012--15,21
20012--16,23
20012--17,20
20012--18,10
20012--19,21
20012--2,23
20012--20,35
20012--21,24
20012--22,21
20012--23,25
20012--24,29
20012--3,25
20012--4,6
20012--5,12
20012--6,8
20012--7,13
20012--8A,58
25061--2,5
25061--3,6
25061--4,7
03666--4,21
03666--5,22
21030--1,30
21030--4,9
21030--7,69
02123--1,17
02123--11,25
02123--12,17
02123--2,43
02123--3,2
02123--4,53
26325--4,2
16531--5,19
16713--1,37
16713--3,65
16713--6,15
16742--1,17
16742--10,23
16742--10A,21
16742--13,8
16742--14,13
16742--19,32
16742--2,18
16742--20,31
16742--22,16
16742--23,16
16742--26,13
16742--27,21
16742--29,28
16742--2A,15
16742--2B,23
16742--3,14
16742--4,11
16742--6,60
16742--7,10
16742--8,5
16900--1,3
16900--10,3
16900--11,5
16900--12,4
16900--13,4
16900--14,4
16900--15,4
16900--16,3
16900--18,2
16900--19,4
16900--1B,3
16900--1C,3
16900--2,2
16900--20,1
16900--21,3
16900--22,4
16900--23,5
16900--24,3
16900--25,6
16900--26,3
16900--27,1
16900--28,6
16900--29,2
16900--2A,4
16900--3,6
16900--30,2
16900--31,6
16900--32,3
16900--33,3
16900--4,2
16900--5,5
16900--6,1
16900--7,2
16900--8,2
17011--1,8
17011--2,24
17011--3,6
17011--4,32
17011--6,19
17011--7,16
17011--8,1
17088--1,4
17088--10,3
17088--11,4
17088--12,2
17088--18,39
17088--19,4
17088--19A,1
17088--2,7
17088--20,2
17088--20A,5
17088--21,4
17088--22,17
17088--22-24,1
17088--23,15
17088--24,20
17088--25,14
17088--26,22
17088--27,22
17088--3,12
17088--30,4
17088--31,4
17088--32,9
17088--4,6
17088--5,6
17088--6,1
17088--7,2
17088--8,1
17088--9,2
17171--3,5
17171--4,3
17171--5,1
17171--5A,2
17171--6,8
17217--1,4
17217--17,2
17217--17C,4
17217--17D,1
17217--17F,2
17217--18,3
17217--18A,4
17217--18E,3
17217--18F,1
17217--2,34
17217--20,2
17217--3,15
36751--1,39
36751--2,21
17390--1,4
17390--2,3
17390--3,3
17390--4,3
17394--1,22
17394--2,10
17394--3,12
17394--36,1
17394--37,5
17394--38,3
17394--3A,4
17394--4,8
17394--5,4
17394--55,7
17394--6,9
17394--7,4
17394--78,2
17394--8,8
17394--83,6
17394--86,17
17394--87,18
17394--87A,7
17394--88,4
17394--9,4
17394--92,23
17394--93,13
17394--95,15
17394--96,4
17394--97,5
17394--9A,1
17394--9B,5
06219--1,2
06219--10,2
06219--11,4
06219--13,4
06219--14,6
06219--15,4
06219--16,3
06219--17,2
06219--18,2
06219--19,3
06219--2,2
06219--20,2
06219--21,5
06219--22,4
06219--23,6
06219--25,3
06219--5,3
06219--7,5
06219--8,5
06219--9,6
18847--1,302
18847--11,95
18847--12,90
18847--2,421
18847--2C,1
18847--4,358
18847--5,365
18847--7,78
18847--8,170
18847--9,82
36750--1,432
11265--1,16
11265--10,9
11265--10A,8
11265--12,18
11265--17,7
11265--18,7
11265--18A,7
11265--19,1
11265--2,18
11265--20,7
11265--21,4
11265--25,13
11265--25A,10
11265--3,5
19217--1,1
19217--10,3
19217--11,1
19217--11A,3
19217--12,3
19217--14,4
19217--15,1
19217--18,4
19217--2,3
19217--20,3
19217--23,4
19217--26,4
19217--27,3
19217--28,2
19217--3,9
19217--30,1
19217--32,6
19217--34,6
19217--36,1
19217--38,12
19217--4,5
19217--40,10
19217--42,7
19217--5,4
19217--6,4
19217--7,2
19217--8,4
19217--9,7
36748--1,90
36748--10,114
36748--12,64
36748--14,36
36748--18,125
36748--1A,108
36748--1B,127
36748--2,68
36748--20,137
36748--22,94
36748--3,80
36748--4,103
36748--6,71
36748--8,75
02156--1,2
02156--10,4
02156--11,5
02156--12,7
02156--14,2
02156--16,2
02156--17,5
02156--18,3
02156--19,1
02156--2,5
02156--20,3
02156--22,3
02156--23,3
02156--25,2
02156--27,11
02156--3,8
02156--5,2
02156--6,1
02156--7,1
02156--8,5
02156--9,3
09605--1,38
09605--10,117
09605--11,35
09605--12,49
09605--14,87
09605--16,106
09605--2,234
09605--3,42
09605--4,176
09605--5,30
09605--6,104
09605--6A,6
09605--7,50
09605--8,110
09605--8A,17
09605--9,45
03721--1,4
03721--12,2
03721--16,4
03721--18,2
03721--2,4
03721--20,2
03721--22,2
03721--24,6
03721--24A,5
03721--26,2
03721--28,2
03721--3,2
03721--30,6
03721--32,2
03721--34,3
03721--4,3
03721--5,2
03721--6,4
03721--7,4
03721--8,1
15182--1,6
15182--10,2
15182--11,3
15182--12,6
15182--13,3
15182--15,3
15182--16,2
15182--17,3
15182--18,3
15182--19,3
15182--2,4
15182--22,1
15182--23,5
15182--24,6
15182--26,3
15182--3,2
15182--30,3
15182--31,5
15182--33,2
15182--37,2
15182--39,3
15182--4,2
15182--41,1
15182--5,2
15182--6,3
15182--7,2
15182--8,9
15182--9,6
02359--1,59
17547--1,49
17547--3,21
17740--1,3
17740--10,3
17740--11,2
17740--12,4
17740--15,4
17740--18/20,1
17740--2,3
17740--21,4
17740--5,2
17740--7,6
17740--9,4
17742--11,7
17742--110,12
17742--111,12
17742--113,10
17742--115,2
17742--116,2
17742--117,27
17742--118,35
17742--119,21
17742--120,22
17742--121,20
17742--14,1
17742--15,8
17742--16,4
17742--17,1
17742--18,3
17742--19,5
17742--19A,4
17742--2,24
17742--20,3
17742--21,6
17742--21A,6
17742--22,7
17742--26,1
17742--27,3
17742--28,7
17742--29,1
17742--2-OF,13
17742--2O<F<,7
17742--30,2
17742--31,3
17742--32,5
17742--33,52
17742--33A,8
17742--33A<,19
17742--5,25
17742--6,23
17742--68,6
17742--69,4
17742--6A,1
17742--6A<,4
17742--6-OF,1
17742--7,27
17742--70,3
17742--7A,24
17742--8,25
17742--98,5
18024--10,31
18024--12,19
18024--3,3
18273--10,1
18273--15,10
18273--16,6
18273--17,4
18273--18,6
18273--18A,4
18273--18B,2
18273--19,4
18273--2,4
18273--20,4
18273--20A,1
18273--21,4
18273--22,3
18273--22A,2
18273--23,1
18273--24,8
18273--24A,2
18273--25,3
18273--26,3
18273--28,1
18273--28A,4
18273--29,2
18273--3,1
18273--30,7
18273--31,4
18273--32,2
18273--4,1
18273--5,4
18273--6,5
18273--6A,3
18273--7,3
18273--8,1
18273--8A,2
18273--9,3
18273--98,1
18273--9A,6
09782--1,3
09782--10,2
09782--10A,8
09782--11,5
09782--12,6
09782--13,7
09782--14,2
09782--14A,5
09782--15,3
09782--16,7
09782--18,4
09782--19,3
09782--19A,6
09782--2,8
09782--20,4
09782--20A,1
09782--21,1
09782--21A,3
09782--22,1
09782--23-24,2
09782--25,4
09782--26,7
09782--26A,3
09782--27,2
09782--28,2
09782--29,2
09782--3,3
09782--30,6
09782--31,1
09782--32,8
09782--33,5
09782--34,3
09782--35,2
09782--36,3
09782--37,7
09782--38,2
09782--39,4
09782--4,5
09782--40,3
09782--41,3
09782--42,3
09782--43,1
09782--44,2
09782--5,6
09782--6,3
09782--7,4
09782--8,12
09782--9,4
18467--1,5
18467--10,2
18467--11,3
18467--12,6
18467--13,4
18467--14,4
18467--15,2
18467--16,1
18467--17,3
18467--18,3
18467--19,5
18467--2,5
18467--20,3
18467--3,45
18467--4,57
18467--5B,4
18467--5C,4
18467--5D,3
18467--5E,2
18467--5F,3
18467--5G,8
18467--6,9
18467--6A,2
18467--6A<,1
18467--6B,1
18467--6C,4
18467--6D,3
18467--7,4
18467--8,12
18467--9,4
31147--12,5
31147--14,5
31147--16,3
31147--2,4
31147--6,5
31147--7,3
31147--8,2
03868--1,73
03868--12,71
03868--2,83
03868--3,57
03868--4,85
03868--4A,6
03868--4B,3
03868--4C,4
03868--4E,6
03868--5,75
03868--6,148
03868--8,1
22965--1,7
22965--14,3
22965--15,2
22965--17,3
22965--18,5
22965--19,8
22965--1B,3
22965--2,3
22965--20,7
22965--21,7
22965--3,5
22965--4,7
22965--5,20
22965--6,3
22965--7,2
19000--1,3
19000--11,1
19000--2,1
19000--3,5
19000--5,6
19000--7,3
19000--9,5
19142--10,15
19142--11,17
19142--12,26
19142--13,17
19142--14,23
19142--15,22
19142--16,16
19142--17,11
19142--18,18
19142--19,23
19142--19B,13
19142--19C,19
19142--19D,25
19142--20,56
19142--21,41
19142--22,51
19142--23,41
19142--24,48
19142--4A,1
19142--5,11
19142--6,33
19142--7,27
19142--8,23
46045--2A,3
46045--2B,4
46045--4A,2
19335--10,3
19335--11,5
19335--9,1
19404--10,5
19404--2,1
19404--2A,4
19404--4,5
19404--6,7
19404--8,6
19866--1,2
19866--16,28
19866--17,12
19866--18,10
19866--19,2
19866--2,12
19866--21,34
19866--3,16
19866--4,10
19866--5,20
19866--6,26
19866--7,22
19866--7A,2
19866--8,10
20254--10,1
20254--11,3
20254--12,3
20254--13,4
20254--14,5
20254--15,3
20254--16,13
20254--17,18
20254--18,16
20254--19,11
20254--2,7
20254--20,8
20254--21,11
20254--22,13
20254--24-25,9
20254--3,10
20254--4,4
20254--5,2
20254--6,6
20254--7,7
20254--8,2
20254--9,3
20294--1,32
20294--10,4
20294--2,78
20294--5,80
20294--6,61
20598--1,4
20598--10,3
20598--11,3
20598--12,1
20598--13,1
20598--14,2
20598--14A,5
20598--15,10
20598--16,2
20598--16A,3
20598--17,4
20598--18,2
20598--19,2
20598--20,9
20598--21,3
20598--22,3
20598--24,4
20598--26A,3
20598--3,8
20598--4,1
20598--5,3
20598--6,1
20598--7,5
20598--8,1
20598--9,4
20641--1,46
20641--2,2
20641--3,6
20641--4,4
20641--4A,1
20641--5,2
20641--6,2
20641--7,1
20677--1,3
20677--11,3
20677--15,2
20677--2,2
20677--3,5
20677--4,6
20677--5,2
20677--6,6
20677--7,1
20677--8,1
20677--9,4
20683--13,14
20683--13A,7
20683--13A<,2
20683--14,19
20683--15,5
20683--16,6
20683--17,2
20683--17A,3
20683--18,7
20683--18A,2
20683--19,4
20683--1A,19
20683--20,8
20683--21,1
20683--22,3
20683--23,6
20683--23A,3
20683--24,15
20683--25,2
20683--25A,3
20683--26,7
20683--26A,4
20683--26C<,2
20683--27,3
20683--27A,3
20683--28,14
20683--29,4
20683--3,6
20683--30,2
20683--31,8
20683--31A,3
20683--32,4
20683--33,7
20683--33A,17
20683--33B,3
20683--35,3
20683--36,5
20683--36A,13
20683--36B,1
20683--36C<,3
20683--36E,10
20683--37,16
20683--38,3
20683--39,7
20683--3A,2
20683--3D,5
20683--3G,7
20683--3H,4
20683--4,1
20683--40,4
20683--41A,1
20683--42,3
20683--43,31
20683--44,5
20683--47,4
20683--49,9
20683--5,6
20683--51,4
20683--53,5
20683--55,2
20683--55A,4
20683--57,1
20683--57A,5
20683--59,3
20683--5A,4
20683--5B,2
20683--5C,3
20683--5D,1
20683--6,2
20683--63,4
20683--67,5
20683--69,5
20683--71,1
20683--71A,8
20683--7A,1
20683--8,6
20683--9,12
09111--10,107
09111--12,85
09111--14,52
09111--18A,2
09111--24,9
09111--4,111
09111--8,80
09111--8A,34
10878--1,8
10878--12,3
10878--12B,2
10878--13,5
10878--14,8
10878--15,7
10878--16,2
10878--1B,2
10878--2,4
10878--3,4
10878--3A,4
10878--3B,1
10878--4,8
10878--4A,4
10878--4B,5
10878--9,90
12130--1,26
12130--18,55
12130--19,10
12130--2,22
12130--20,18
12130--21,9
12130--22,8
12130--23,8
12130--24,13
12130--25,17
12130--27,15
12130--28,23
12130--29,16
12130--3,22
12130--30,28
12130--31,26
12130--32,38
12130--33,43
12130--34,23
12130--4,15
12130--4A,10
12130--5,31
12130--6,34
12130--7,34
12130--8,38
13246--11,47
13246--12,41
13246--13,34
13246--7,200
13246--7B,3
31138--1,2
31138--11,3
31138--15-17,2
31138--16,4
31138--2,5
31138--3,3
31138--7,4
31146--1,2
31146--11,2
31146--13,3
31146--15,4
31146--16,2
31146--18,4
31146--2,3
31146--20,4
31146--36,2
31146--38,4
31146--4,4
31146--40,4
31146--42,4
31146--44,3
31146--46,4
31146--48,3
31146--54,6
31146--6,5
31146--7,2
31146--9,3
21071--10,1
21071--11,20
21071--13,31
21071--14,3
21071--3,6
21071--4,10
21071--5,18
21071--6,12
21071--7,22
21071--8,10
36561--10,7
36561--10A,9
36561--12,7
36561--14,4
36561--16A,3
36561--16B,3
36561--16C,3
36561--16D,4
36561--16E,2
36561--16F,4
36561--16G,1
36561--16H,2
36561--16I,4
36561--18,3
36561--18-18C,3
36561--18A,3
36561--18B,2
36561--2,4
36561--22,4
36561--24,3
36561--28,2
36561--30,2
36561--32,3
36561--34,2
36561--36,4
36561--4,4
36561--8,4
46419--13,3
46419--15,8
46419--15A,4
25084--10,45
25084--11,55
25084--12,18
25084--2,34
25084--3,30
25084--4,32
25084--5,25
25084--6,37
25084--7,46
25084--8,31
25084--9,44
26530--1,7
26530--10,6
26530--11,2
26530--12,10
26530--13,11
26530--14,2
26530--15,3
26530--16,1
26530--1A,3
26530--2,10
26530--3,1
26530--4,1
26530--5,2
26530--54,2
26530--55,5
26530--56,3
26530--57,3
26530--58,2
26530--59,4
26530--6,2
26530--60,4
26530--61,3
26530--62,2
26530--63,4
26530--64,2
26530--65,4
26530--66,1
26530--67,2
26530--68,3
26530--69,3
26530--7,5
26530--70,10
26530--71,4
26530--72,8
26530--73,2
26530--9,3
00666--1,186
00666--10A,74
00666--11,245
00666--11A,3
00666--12A,126
00666--12B,159
00666--14,4
00666--14A,4
00666--16,4
00666--17,6
00666--17B,4
00666--17C,4
00666--18B<,2
00666--18C,4
00666--18EB,5
00666--18F,3
00666--18G,8
00666--18H,4
00666--18I,4
00666--18J,5
00666--19,2
00666--20,3
00666--20A,2
00666--20A<,2
00666--20B,1
00666--20C,3
00666--20D,4
00666--20G,3
00666--20I,4
00666--21,3
00666--23,2
00666--25,2
00666--27,4
00666--29,5
00666--3,192
00666--33,4
00666--35,3
00666--4,1
00666--53B,4
00666--53D,4
00666--53E,2
00666--53H,4
00666--55A,4
00666--55B,5
00666--55D,3
00666--55F,4
00666--55G,2
00666--55H,3
00666--61,3
00666--61A,6
00666--61B,2
00666--61C,4
00666--61D,4
00666--63,6
00666--63A,5
00666--63B,4
00666--63C,3
00666--65,3
00666--65A,4
00666--65C,3
00666--65D,3
00666--67A,8
00666--67B,5
00666--67C,3
00666--67D,2
00666--69,4
00666--69A,2
00666--69B,3
00666--69C,3
00666--69F,3
00666--7,384
00666--71A,5
00666--71B,3
00666--71C,2
00666--71D,4
00666--9,143
00891--1,7
00891--10,8
00891--12,9
00891--13,8
00891--14,5
00891--15,1
00891--16,4
00891--17,2
00891--18,4
00891--19,4
00891--1A,1
00891--21,2
00891--22,2
00891--23,194
00891--3,6
00891--4,5
00891--5,2
00891--6,4
00891--7,6
00891--9,1
03283--1,4
03283--11,10
03283--2,4
03283--2A,3
03283--2B,3
03283--3,4
03283--3A,4
03283--5,3
03283--6,7
03283--7,3
03283--8,4
03283--8A,3
03283--9,3
07240--12,36
07240--13,21
07240--14,14
07240--15,5
07240--17,22
07240--19,16
07240--19A,1
07240--20,22
07240--21,23
07240--21O<F<,4
07240--22,13
07240--27,20
07240--7,11
21047--1,8
21047--2,9
21047--2A,9
21047--4,12
21047--8,16
26469--1,34
26469--10,3
26469--11,30
26469--2,18
26469--3,32
26469--3A,3
26469--3B,3
26469--3-OF,9
26469--4,26
26469--9,11
21325--1,2
21325--11,5
21325--2,5
21325--2A,3
21325--5,15
21325--7,6
21325--9,2
21787--10,21
21787--3,19
21787--4,56
21787--5,40
21787--7,22
21805--114,7
21805--12,25
21805--13,23
21805--14,22
21805--16,20
21805--17A<,2
21805--27,7
21805--28,3
21805--30,2
21805--31,7
21805--32,4
21805--33,3
21805--34,5
21805--34A,3
21805--3-5,42
21805--35A,18
21805--37,3
21805--38,1
21805--6,32
21805--60A,7
21805--60A<,16
21805--61,114
21805--64,240
21805--66,133
21805--69,243
21805--7,54
21805--8,18
21805--81,7
21805--82,11
21805--83,3
21805--84,4
21805--84A,2
21805--85,7
21805--86,9
21805--88,17
21805--89,6
21805--8A,20
21805--8A<,4
21805--93,30
21805--95,15
21805--97,22
21805--98,31
21970--2,16
21970--3,15
21970--4,28
21970--5,23
21970--5A,25
21970--6,29
22508--1,4
22508--10,2
22508--11,5
22508--12,2
22508--13,6
22508--14,6
22508--15,6
22508--16,2
22508--17,9
22508--18,1
22508--19,2
22508--2,3
22508--21,5
22508--22,2
22508--23,3
22508--25,4
22508--26,2
22508--27,2
22508--28,4
22508--3,2
22508--31,6
22508--32,3
22508--33,3
22508--34,3
22508--35,3
22508--36,3
22508--38,5
22508--4,4
22508--40,2
22508--42,4
22508--44,6
22508--46,5
22508--48,2
22508--5,9
22508--50,3
22508--52,2
22508--54,4
22508--56,2
22508--58,2
22508--6,2
22508--60,4
22508--7,5
22508--8,2
22508--9,3
38321--3,3
16303--1,23
16303--11,24
16303--11OF,4
16303--13,9
16303--13-OF,7
16303--14,13
16303--15,1
16303--18,3
16303--19,29
16303--1A,12
16303--2,6
16303--24,39
16303--26,7
16303--27,18
16303--3,14
16303--34,24
16303--6,16
16303--6-OF,2
22555--1,17
22555--2,13
01929--1,1
01929--10,2
01929--11,5
01929--13,2
01929--2,6
01929--4,3
01929--5,4
01929--6,2
01929--8,5
01929--9,2
31142--3,5
31142--5,2
31142--7,5
31142--9,4
09582--11,1
09582--12,4
09582--12A,5
09582--13,7
09582--14,3
09582--15,1
09582--16,4
09582--17,2
09582--18,6
09582--19,4
09582--20,4
09582--21,4
09582--22,6
09582--4A,5
09582--4B,2
09582--5,2
09582--5A,2
15972--1,6
15972--11,2
15972--13,2
15972--15,4
15972--17,2
15972--19,4
15972--23,5
15972--25,2
15972--27,4
15972--29,1
15972--3,2
15972--7,2
15972--9,3
40077--1,4
40077--2,3
40077--9,2
18575--10,139
18575--12,107
18575--14,103
18575--16,86
18575--18,118
18575--20,59
18575--22,59
18575--22A,2
18575--6,113
18575--8,154
21654--10,12
21654--11,3
21654--12,20
21654--13,10
21654--13-OF,5
21654--14,14
21654--15,4
21654--16,1
21654--5,31
21654--7,44
21654--8,17
21654--9,24
22723--1,17
22723--2,19
22723--3,24
22723--4,8
22723--5,29
22723--6,22
22723--7,12
22880--1,4
22880--11,3
22880--14,2
22880--15,1
22880--17,4
22880--2,3
22880--3,3
22880--4,3
22880--5,2
22880--6,4
22880--7,3
22880--8,4
22880--9,3
22907--9,12
22907--9C,9
22907--9C<,2
22944--3,61
22944--5,33
23611--11,67
23611--12,11
23611--13,1
23611--19,4
23611--20,5
23611--21,5
23611--22,2
23611--23,6
23611--24,3
23611--4,4
23611--5,4
23611--6A,6
23611--6A<,1
23611--6B,3
23611--6C,2
23611--7,10
23611--8,6
23611--9,3
10016--10,1
10016--2,2
10016--4,2
10016--6,3
10016--8,2
23775--1,195
23775--2,81
23775--3,181
23775--4,89
23775--6,77
23814--1,2
23814--10,5
23814--11,7
23814--12,2
23814--14,1
23814--15,5
23814--17,5
23814--18,5
23814--19,2
23814--2,6
23814--20,1
23814--3,3
23814--4,2
23814--5,6
23814--6,2
23814--8,8
23814--9,2
23972--1,9
23972--1A,4
23972--2,2
23972--2A,7
23972--2B,13
23972--2C,16
23972--2D,4
23972--2E,4
23972--2G,1
23972--2H,3
23972--2I<,2
23972--2J,4
23972--2K,3
23972--3,15
23972--4,116
23972--4A,114
23972--4B,97
23972--4B<,1
23972--4C,99
23972--4D,106
23972--4E,125
23972--5,1
23972--5A,4
23972--5B,4
23972--5C,144
23972--5D,154
23972--9,4
24048--10A,7
24048--11,21
24048--12,4
24048--27,3
24048--3,13
24048--4,13
24048--5,9
24048--6,56
24048--7,57
24048--8,63
24063--1,7
24063--2,14
24063--3,18
24170--1,3
24170--10,3
24170--11,7
24170--12,1
24170--13,3
24170--14,3
24170--2,3
24170--2A,3
24170--3,4
24170--4,3
24170--5,5
24170--6,3
24170--8,2
24170--9,4
24289--12,90
24289--12A,45
24289--13,29
24289--14,33
24289--15,30
24289--16,20
24289--16A,8
24289--16A<,1
24289--17,35
24289--18,26
24289--19,14
24289--19A,28
24289--20,15
24289--21,21
24289--21-OF,8
24289--22,16
24289--23,36
24289--24,36
24289--25,32
24289--25A,6
24289--26,26
24289--27,38
24289--28,17
24289--28-OF,4
24289--29,16
24289--29A,10
24289--29-OF,7
24289--29O<F<,2
24289--32B,4
24289--35,4
24289--36,18
24289--37,24
24289--4,17
24289--4A,31
24289--4A<,3
24289--5,12
24289--6-OF,1
07759--1,12
07759--10,9
07759--11,7
07759--2,7
07759--3,6
07759--5,4
07759--6,2
07759--7,4
07759--8,5
07759--9,2
24459--2,100
24459--4,77
24459--6,97
24412--1,2
24412--10,5
24412--11,2
24412--12,2
24412--13,6
24412--14,6
24412--15,3
24412--16,4
24412--17,3
24412--18,3
24412--19,15
24412--2,1
24412--20,6
24412--21,2
24412--22,4
24412--23,4
24412--24,6
24412--25,4
24412--26,4
24412--27,3
24412--28,1
24412--29,7
24412--2A,3
24412--3,4
24412--30,4
24412--31,2
24412--32,4
24412--33,5
24412--34,7
24412--35,2
24412--36,3
24412--37,5
24412--38,2
24412--39,4
24412--40,2
24412--41,2
24412--42,4
24412--43,3
24412--44,10
24412--45,3
24412--47,4
24412--48,4
24412--49,4
24412--5,2
24412--50,4
24412--51,4
24412--52,2
24412--53,4
24412--56,3
24412--58,3
24412--6,1
24412--60,2
24412--62,3
24412--64,1
24412--66,6
24412--68,4
24412--7,4
24412--70,3
24412--72,4
24412--74,2
24412--76,5
24412--78,8
24412--8,4
24412--80,2
24412--82,3
24412--84,4
24412--86,4
24412--9,4
24412--90,6
24412--94,10
21435--2,14
21435--3,31
21435--7,34
21435--8,24
21435--8-OF,4
21435--9,29
26969--10,20
26969--11,30
26969--12,24
26969--13,25
26969--14,14
26969--16,6
26969--19,3
26969--21,6
26969--22,2
26969--24,19
26969--28,34
26969--29,37
26969--32,32
26969--4,50
26969--5,1
26969--7,27
26969--8,17
26969--9A,20
12133--2,100
12133--4,185
12133--6,94
09739--1,3
09739--5,4
09739--7,3
09739--9,4
06052--11,3
06052--13,4
06052--15,5
06052--17,2
06052--2,3
06052--3,4
06052--4,6
06052--5,5
06052--6,2
06052--7,3
06052--8,3
06052--9,2
24490--1,173
24490--11,93
24490--13,120
24490--3,94
24490--5,85
24490--7,184
24494--1,13
24494--2,4
31136--1,4
31136--2,6
31136--5,4
31136--6,3
31136--9,1
31137--1,3
31137--10,3
31137--3,5
31137--6,3
31137--8,2
11653--10,3
11653--11,6
11653--12,1
11653--13,3
11653--14,3
11653--15,1
11653--16,4
11653--17,3
11653--18,3
11653--19,4
11653--21,2
11653--22,1
11653--23,3
11653--24,4
11653--7,8
11653--8,4
11653--9,2
15140--1,2
15140--10,6
15140--11,4
15140--12,9
15140--13,3
15140--14,4
15140--15,7
15140--16,2
15140--17,1
15140--18,4
15140--19,5
15140--2,2
15140--3,3
15140--4,1
15140--5,6
15140--6,3
15140--7,4
15140--7A,1
15140--8,3
18652--1,24
18652--12,39
18652--13,26
18652--2,21
18652--3,29
18652--8,33
18652--9,32
--1A,9
--1B,11
--3A,18
--4C,3
--4D,6
--5A,14
24628--1,58
24628--10,5
24628--11,4
24628--12,27
24628--12-OF,4
24628--13,17
24628--15,11
24628--16,7
24628--17,25
24628--17-OF,11
24628--18,14
24628--19,30
24628--2,29
24628--20,23
24628--21,10
24628--22,25
24628--23,6
24628--24,16
24628--25,38
24628--26,10
24628--2A,17
24628--2A-OF,4
24628--2-OF,1
24628--3,19
24628--31,25
24628--32,29
24628--33,17
24628--34,10
24628--34A,1
24628--35,15
24628--36,23
24628--37,13
24628--38,14
24628--4,12
24628--40,30
24628--41,1
24628--41-42,3
24628--41/42,26
24628--43,21
24628--44,15
24628--44-OF,6
24628--45,19
24628--46,2
24628--46-47,1
24628--46A<,3
24628--47,10
24628--47A,6
24628--48,10
24628--5,14
24628--51,13
24628--54,3
24628--6,16
24628--7,2
24628--8,18
24628--9,1
24687--12,49
24687--13,32
24687--14,24
24687--14A,27
24687--15,27
24687--16,27
24687--17,10
24687--18,5
24687--19,25
24687--19A,13
24687--20A,7
24687--24,14
24687--25,14
24687--29,40
24687--30,31
24687--31,30
24687--32,21
24687--33,42
24687--35,32
24687--36,18
24806--1,15
24806--27,5
24806--28,3
24806--29,2
24806--30,6
24806--31,4
24806--32,5
24806--36,2
24806--37,5
24806--38,1
25067--1,1
25067--2,2
25067--4,4
25067--6,2
25540--10,1
25540--14,4
25540--15,4
25540--16,2
25540--17,6
25540--18,2
25540--19,1
25540--2,2
25540--20,1
25540--20A,33
25540--20B,19
25540--20C,30
25540--20D,32
25540--28,13
25540--28A,11
25540--28B,21
25540--28C,21
25540--28C<,1
25540--28D,26
25540--3,8
25540--4,3
25540--5,4
25540--6,9
25540--7,4
25540--8,4
25540--9,1
25547--1,18
25547--2,36
25547--3,29
25547--4,27
25547--5,19
25547--7,37
26081--2,6
26081--3,12
26081--4,6
26129--1,5
26129--2,1
26129--3,3
26129--4,4
26129--5,5
26129--6,5
26129--8,4
26188--1,8
26188--2,4
26188--3,3
26188--5,6
26188--7,4
26188--9,3
13967--1,1
13967--2,2
13967--3,4
13967--4,2
13967--5,4
13967--6,5
13967--7,3
13967--8,5
26334--12,262
26334--18,377
26334--20,228
26334--23,2
26334--31,4
26334--32,7
26334--33,2
26334--35,4
26334--36,3
26334--37,6
26334--38,5
26334--39,2
26334--4,191
26334--40,4
26334--41,3
26334--41A,4
26334--42,3
26334--43,3
26334--44,1
26334--45,2
26334--46,2
26334--47,10
26334--48,4
26334--49,5
26334--50,4
26334--51,3
26334--52,1
26334--54,3
26334--55,4
26334--56,14
26334--57,4
26334--58,3
26334--59,1
26334--6,268
26334--60,5
26334--61,3
26334--62,2
26334--63,6
26334--63B,2
26334--63C,2
26334--63D,1
26334--63D<,4
26334--64,3
26334--65,1
26334--66,2
26334--67,3
26334--68,3
26334--69,2
26334--70,3
26334--72,130
26334--74,137
26334--75,159
26334--76,134
09848--10,16
09848--12,13
09848--13,20
09848--14A,8
09848--14B,20
09848--15,44
09848--16,18
09848--17,44
09848--1A,17
09848--1B,25
09848--2,24
09848--21,37
09848--3,51
09848--5,2
09848--6,9
09848--7,8
09848--8,17
09848--9,9
26433--12,3
26433--14,1
26433--7A,3
26585--1,7
26585--5,6
26585--8,1
26608--2,17
06601--12,1
07873--21B,1
